phi,minEig,StrEn,y0
0.00314159265359,1.19868722580352E-08,1.99176851953343E-07,-0.001085316629594
0.00628318530718,1.19868096545454E-08,1.9918538567519E-07,-0.002170642639216
0.009424777960769,1.19869601440489E-08,1.99199608724989E-07,-0.003255985074172
0.012566370614359,1.19871712990757E-08,1.992195213731E-07,-0.004341352181298
0.015707963267949,1.19874313875949E-08,1.99245123997926E-07,-0.005426752187815
0.018849555921539,1.19877531836214E-08,1.99276417086007E-07,-0.006512193299398
0.021991148575129,1.19881272039852E-08,1.99313401232029E-07,-0.007597683752406
0.025132741228718,1.19885608367943E-08,1.9935607713885E-07,-0.008683231744894
0.028274333882308,1.19890439979989E-08,1.99404445617517E-07,-0.009768845486219
0.031415926535898,1.19895857710615E-08,1.99458507587289E-07,-0.010854533188212
0.034557519189488,1.19901760990122E-08,1.99518264075671E-07,-0.011940303033328
0.037699111843078,1.19908314539553E-08,1.9958371621844E-07,-0.013026163240092
0.040840704496667,1.19915350249445E-08,1.99654865259682E-07,-0.014112121959117
0.043982297150257,1.19922947290418E-08,1.9973171255183E-07,-0.015198187388202
0.047123889803847,1.19931089499069E-08,1.99814259555707E-07,-0.016284367686409
0.050265482457437,1.19939880458458E-08,1.99902507840565E-07,-0.017370671026663
0.053407075111027,1.19949156541349E-08,1.99996459084143E-07,-0.018457105549603
0.056548667764616,1.19958994014865E-08,2.00096115072707E-07,-0.019543679387158
0.059690260418206,1.19969386548433E-08,2.00201477701114E-07,-0.020630400684905
0.062831853071796,1.19980308493225E-08,2.00312548972866E-07,-0.021717277545442
0.065973445725386,1.19991716284223E-08,2.00429331000173E-07,-0.022804318089747
0.069115038378976,1.2000377429926E-08,2.00551826004016E-07,-0.023891530398212
0.072256631032565,1.2001624126039E-08,2.00680036314217E-07,-0.024978922548469
0.075398223686155,1.20029374947509E-08,2.00813964369512E-07,-0.026066502624648
0.078539816339745,1.20043031230457E-08,2.00953612717623E-07,-0.027154278663698
0.081681408993335,1.20057204401475E-08,2.01098984015337E-07,-0.028242258688749
0.084823001646924,1.20071885518308E-08,2.01250081028593E-07,-0.029330450740181
0.087964594300514,1.20087156868923E-08,2.01406906632559E-07,-0.030418862824815
0.091106186954104,1.20102947201863E-08,2.0156946381173E-07,-0.03150750291299
0.094247779607694,1.20119268322209E-08,2.01737755660011E-07,-0.032596378977004
0.097389372261284,1.2013613649129E-08,2.01911785380823E-07,-0.033685498962172
0.100530964914873,1.20153588296295E-08,2.02091556287192E-07,-0.034774870798862
0.103672557568463,1.20171470240634E-08,2.0227707180186E-07,-0.035864502402532
0.106814150222053,1.2018998623547E-08,2.02468335457387E-07,-0.036954401666473
0.109955742875643,1.20208922946694E-08,2.02665350896262E-07,-0.038044576443862
0.113097335529233,1.20228435855406E-08,2.02868121871016E-07,-0.03913503459137
0.116238928182822,1.20248527981531E-08,2.03076652244339E-07,-0.040225783927414
0.119380520836412,1.20269074809654E-08,2.032909459892E-07,-0.041316832256801
0.122522113490002,1.20290150216002E-08,2.03511007188974E-07,-0.042408187347332
0.125663706143592,1.20311779281408E-08,2.03736840037565E-07,-0.043499856957435
0.128805298797182,1.20333854413167E-08,2.03968448839539E-07,-0.044591848803947
0.131946891450771,1.20356478718535E-08,2.0420583801026E-07,-0.04568417060365
0.135088484104361,1.20379684186896E-08,2.04449012076029E-07,-0.046776830019258
0.138230076757951,1.20403344864318E-08,2.04697975674222E-07,-0.047869834697104
0.141371669411541,1.20427472012648E-08,2.04952733553442E-07,-0.04896319223663
0.14451326206513,1.20452206638873E-08,2.05213290573661E-07,-0.050056910255748
0.14765485471872,1.2047736604691E-08,2.05479651706378E-07,-0.051150996288756
0.15079644737231,1.2050309545649E-08,2.05751822034778E-07,-0.052245457877274
0.1539380400259,1.20529289984869E-08,2.06029806753886E-07,-0.053340302521875
0.15707963267949,1.20555979633463E-08,2.06313611170735E-07,-0.054435537673489
0.160221225333079,1.20583195278179E-08,2.06603240704535E-07,-0.055531170769524
0.163362817986669,1.2061080826663E-08,2.06898700886841E-07,-0.056627209215626
0.166504410640259,1.2063904285851E-08,2.07199997361735E-07,-0.057723660374722
0.169646003293849,1.20667683366071E-08,2.07507135885997E-07,-0.05882053157007
0.172787595947439,1.20696798696151E-08,2.07820122329295E-07,-0.059917830110148
0.175929188601028,1.20726404660698E-08,2.0813896267437E-07,-0.061015563235772
0.179070781254618,1.20756574711078E-08,2.08463663017224E-07,-0.062113738182364
0.182212373908208,1.20787130347881E-08,2.08794229567319E-07,-0.063212362140995
0.185353966561798,1.20818240144117E-08,2.09130668647774E-07,-0.064311442235065
0.188495559215388,1.20849836776997E-08,2.09472986695567E-07,-0.065410985592432
0.191637151868977,1.20881815168401E-08,2.09821190261741E-07,-0.066510999263397
0.194778744522567,1.20914253374401E-08,2.10175286011616E-07,-0.067611490278342
0.197920337176157,1.20947224661476E-08,2.10535280725003E-07,-0.06871246563246
0.201061929829747,1.20980653728367E-08,2.10901181296419E-07,-0.069813932246056
0.204203522483337,1.21014472428601E-08,2.11272994735316E-07,-0.070915897033447
0.207345115136926,1.21048834458918E-08,2.11650728166301E-07,-0.072018366832366
0.210486707790516,1.21083545383692E-08,2.12034388829369E-07,-0.073121348473433
0.213628300444106,1.21118776548047E-08,2.12423984080137E-07,-0.074224848704378
0.216769893097696,1.21154481329736E-08,2.12819521390083E-07,-0.075328874246955
0.219911485751286,1.21190618919257E-08,2.13221008346787E-07,-0.076433431762453
0.223053078404875,1.21227158700443E-08,2.13628452654179E-07,-0.077538527894648
0.226194671058465,1.21264137604861E-08,2.1404186213279E-07,-0.078644169199421
0.229336263712055,1.21301612049969E-08,2.14461244720002E-07,-0.079750362194564
0.232477856365645,1.21339420909438E-08,2.14886608470316E-07,-0.080857113361948
0.235619449019234,1.21377736236106E-08,2.15317961555606E-07,-0.081964429117739
0.238761041672824,1.21416491682441E-08,2.1575531226539E-07,-0.083072315832255
0.241902634326414,1.2145559402714E-08,2.16198669007103E-07,-0.084180779821766
0.245044226980004,1.21495098323498E-08,2.1664804030637E-07,-0.085289827356115
0.248185819633594,1.21535111008645E-08,2.17103434807287E-07,-0.086399464609727
0.251327412287183,1.21575443054916E-08,2.17564861272703E-07,-0.087509697771023
0.254469004940773,1.21616238000234E-08,2.18032328584512E-07,-0.088620532904222
0.257610597594363,1.21657428016594E-08,2.18505845743942E-07,-0.089731976052384
0.260752190247953,1.21699011186494E-08,2.18985421871853E-07,-0.090844033205142
0.263893782901543,1.21740948223021E-08,2.19471066209038E-07,-0.091956710270571
0.267035375555132,1.21783314530981E-08,2.19962788116528E-07,-0.093070013103905
0.270176968208722,1.21826072192398E-08,2.20460597075903E-07,-0.094183947496472
0.273318560862312,1.21869236962069E-08,2.20964502689603E-07,-0.095298519191324
0.276460153515902,1.21912689181684E-08,2.21474514681249E-07,-0.096413733842682
0.279601746169492,1.2195661725538E-08,2.21990642895965E-07,-0.097529597074863
0.282743338823081,1.22000850222412E-08,2.22512897300703E-07,-0.098646114434821
0.285884931476671,1.22045452586627E-08,2.23041287984576E-07,-0.099763291377887
0.289026524130261,1.2209047651119E-08,2.23575825159194E-07,-0.100881133304574
0.292168116783851,1.22135838036994E-08,2.24116519159E-07,-0.101999645569338
0.295309709437441,1.22181598044635E-08,2.24663380441623E-07,-0.103118833444345
0.29845130209103,1.22227683466596E-08,2.25216419588215E-07,-0.104238702119609
0.30159289474462,1.22274035190586E-08,2.25775647303814E-07,-0.105359256738879
0.30473448739821,1.22320766131624E-08,2.26341074417697E-07,-0.10648050234708
0.3078760800518,1.2236784923072E-08,2.26912711883742E-07,-0.107602443926458
0.31101767270539,1.22415314583473E-08,2.27490570780795E-07,-0.108725086403283
0.314159265358979,1.22463024784526E-08,2.2807466231304E-07,-0.109848434572292
0.317300858012569,1.22511108578575E-08,2.28664997810378E-07,-0.110972493240083
0.320442450666159,1.22559511829591E-08,2.29261588728799E-07,-0.112097267078567
0.323584043319749,1.22608191505465E-08,2.29864446650773E-07,-0.113222760672059
0.326725635973339,1.22657240577169E-08,2.30473583285635E-07,-0.114348978547427
0.329867228626928,1.2270657889731E-08,2.31089010469978E-07,-0.115475925162992
0.333008821280518,1.22756164075659E-08,2.31710740168052E-07,-0.11660360483557
0.336150413934108,1.22806087255049E-08,2.32338784472162E-07,-0.117732021911441
0.339292006587698,1.22856304050163E-08,2.32973155603079E-07,-0.118861180546327
0.342433599241288,1.22906819365115E-08,2.33613865910447E-07,-0.119991084845481
0.345575191894877,1.22957619915786E-08,2.342609278732E-07,-0.12112173885992
0.348716784548467,1.23008720892665E-08,2.34914354099977E-07,-0.122253146490141
0.351858377202057,1.23060045931249E-08,2.35574157329553E-07,-0.123385311631872
0.354999969855647,1.23111663047889E-08,2.36240350431261E-07,-0.124518237993793
0.358141562509236,1.23163578431385E-08,2.36912946405426E-07,-0.125651929271263
0.361283155162826,1.2321567648814E-08,2.37591958383803E-07,-0.126786389046511
0.364424747816416,1.23268054877279E-08,2.38277399630021E-07,-0.127921620794806
0.367566340470006,1.23320728690527E-08,2.38969283540019E-07,-0.129057627906598
0.370707933123596,1.23373553625511E-08,2.39667623642507E-07,-0.130194413700576
0.373849525777185,1.23426760064614E-08,2.40372433599415E-07,-0.131331981328094
0.376991118430775,1.23480065988733E-08,2.41083727206352E-07,-0.132470333936844
0.380132711084365,1.23533686121967E-08,2.41801518393067E-07,-0.133609474499351
0.383274303737955,1.2358745099824E-08,2.42525821223924E-07,-0.134749405897961
0.386415896391545,1.23641519274005E-08,2.43256649898361E-07,-0.135890130993395
0.389557489045134,1.2369574694419E-08,2.4399401875138E-07,-0.137031652447966
0.392699081698724,1.23750215554676E-08,2.44737942254014E-07,-0.138173972867384
0.395840674352314,1.23804804046906E-08,2.4548843501382E-07,-0.139317094722017
0.398982267005904,1.23859665444801E-08,2.46245511775363E-07,-0.140461020415034
0.402123859659494,1.23914697141197E-08,2.47009187420713E-07,-0.141605752220657
0.405265452313083,1.23969927373575E-08,2.47779476969933E-07,-0.142751292267149
0.408407044966673,1.24025286202509E-08,2.48556395581593E-07,-0.143897642679657
0.411548637620263,1.24080832493968E-08,2.49339958553262E-07,-0.145044805351443
0.414690230273853,1.24136592691418E-08,2.50130181322025E-07,-0.14619278214259
0.417831822927443,1.2419248435956E-08,2.50927079464993E-07,-0.14734157475091
0.420973415581032,1.24248492342864E-08,2.5173066869982E-07,-0.148491184783804
0.424115008234622,1.24304724871152E-08,2.52540964885227E-07,-0.149641613724536
0.427256600888212,1.24361055320392E-08,2.53357984021522E-07,-0.150792862972677
0.430398193541802,1.24417544637562E-08,2.54181742251136E-07,-0.151944933751306
0.433539786195392,1.24474210178423E-08,2.55012255859142E-07,-0.153097827137451
0.436681378848981,1.24530905586879E-08,2.55849541273811E-07,-0.154251544258299
0.439822971502571,1.24587761474324E-08,2.56693615067137E-07,-0.155406085901868
0.442964564156161,1.24644668846017E-08,2.57544493955385E-07,-0.156561452865424
0.446106156809751,1.24701780417694E-08,2.58402194799643E-07,-0.157717645734503
0.44924774946334,1.24758888192826E-08,2.59266734606364E-07,-0.158874665055869
0.45238934211693,1.2481619873454E-08,2.60138130527937E-07,-0.160032511208427
0.45553093477052,1.24873512498857E-08,2.61016399863223E-07,-0.1611911843841
0.45867252742411,1.24931045110399E-08,2.61901560058141E-07,-0.162350684801932
0.4618141200777,1.24988482881006E-08,2.62793628706213E-07,-0.163511012295048
0.464955712731289,1.25046167195146E-08,2.63692623549147E-07,-0.164672166818935
0.468097305384879,1.25103724807431E-08,2.64598562477399E-07,-0.165834148055787
0.471238898038469,1.25161447485206E-08,2.6551146353076E-07,-0.166996955563248
0.474380490692059,1.25219139869908E-08,2.66431344898917E-07,-0.168160588762973
0.477522083345649,1.25276962383026E-08,2.67358224922057E-07,-0.169325046987359
0.480663675999238,1.25334857357325E-08,2.6829212209143E-07,-0.17049032934413
0.483805268652828,1.25392590603218E-08,2.69233055049953E-07,-0.171656434849214
0.486946861306418,1.2545053498649E-08,2.70181042592794E-07,-0.17282336238694
0.490088453960008,1.25508376718481E-08,2.7113610366796E-07,-0.173991110643378
0.493230046613598,1.25566286114896E-08,2.72098257376911E-07,-0.175159678194801
0.496371639267187,1.25624269831825E-08,2.73067522975134E-07,-0.176329063476797
0.499513231920777,1.25609937571833E-08,2.7404391992415E-07,-0.177499380491417
0.502654824574367,1.25704534153334E-08,2.75027467635908E-07,-0.178670397965573
0.505796417227957,1.25761815991866E-08,2.76018185984389E-07,-0.17984222751568
0.508938009881547,1.25819092259657E-08,2.770160947966E-07,-0.181014866964122
0.512079602535136,1.25876245835453E-08,2.78021214107315E-07,-0.182188313959204
0.515221195188726,1.25933449094521E-08,2.79033564108997E-07,-0.183362565992703
0.518362787842316,1.25990464301803E-08,2.80053165152407E-07,-0.184537620396293
0.521504380495906,1.2604747086833E-08,2.81080037747237E-07,-0.185713474340126
0.524645973149495,1.26104523513236E-08,2.82114202562712E-07,-0.186890124831871
0.527787565803085,1.26161360642815E-08,2.83155680428223E-07,-0.188067568714689
0.530929158456675,1.26218138009258E-08,2.84204492333951E-07,-0.189245802666226
0.534070751110265,1.26274839752568E-08,2.85260659431484E-07,-0.190424823196503
0.537212343763855,1.26331380874442E-08,2.8632420303445E-07,-0.191604626646727
0.540353936417444,1.26387854479217E-08,2.87395144619144E-07,-0.19278520918759
0.543495529071034,1.26444152496735E-08,2.88473505825155E-07,-0.193966566818175
0.546637121724624,1.26500359067216E-08,2.89559308456003E-07,-0.195148695363984
0.549778714378214,1.26556461672405E-08,2.90652574479759E-07,-0.196331590475075
0.552920307031804,1.26612459720086E-08,2.9175332602969E-07,-0.197515247625824
0.556061899685393,1.26668222790055E-08,2.92861585404885E-07,-0.198699662112037
0.559203492338983,1.26723763692853E-08,2.93977375070893E-07,-0.199884829050096
0.562345084992573,1.26779098117558E-08,2.95100717660353E-07,-0.201070743374992
0.565486677646163,1.26834423271601E-08,2.96231635973636E-07,-0.202257399839833
0.568628270299753,1.26889529654817E-08,2.97370152979476E-07,-0.203444793012811
0.571769862953342,1.2694442531628E-08,2.98516291815608E-07,-0.204632917276824
0.574911455606932,1.26999090597212E-08,2.99670075789402E-07,-0.205821766827912
0.578053048260522,1.27053523923482E-08,3.00831528378501E-07,-0.207011335672592
0.581194640914112,1.27107704424306E-08,3.02000673231455E-07,-0.208201617628118
0.584336233567702,1.27161798825787E-08,3.03177534168359E-07,-0.209392606319487
0.587477826221291,1.27215523205116E-08,3.04362135181488E-07,-0.210584295178548
0.590619418874881,1.27269017194271E-08,3.05554500435924E-07,-0.211776677442379
0.593761011528471,1.27322235669248E-08,3.067546542702E-07,-0.212969746152646
0.596902604182061,1.27375236183291E-08,3.07962621196927E-07,-0.214163494152074
0.600044196835651,1.27427990986116E-08,3.09178425903428E-07,-0.215357914085199
0.60318578948924,1.27480344984556E-08,3.10402093252361E-07,-0.216552998395727
0.60632738214283,1.27532468934799E-08,3.1163364828236E-07,-0.217748739324787
0.60946897479642,1.27584281664258E-08,3.12873116208653E-07,-0.218945128910473
0.61261056745001,1.27635798127688E-08,3.14120522423691E-07,-0.220142158986099
0.6157521601036,1.27687001951544E-08,3.15375892497769E-07,-0.221339821177947
0.618893752757189,1.27737844815702E-08,3.16639252179654E-07,-0.222538106904262
0.622035345410779,1.27788335567149E-08,3.17910627397195E-07,-0.2237370073751
0.625176938064369,1.27838456052294E-08,3.19190044257948E-07,-0.224936513588389
0.628318530717959,1.27888271845558E-08,3.20477529049786E-07,-0.226136616331166
0.631460123371548,1.27937704949183E-08,3.2177310824151E-07,-0.227337306176061
0.634601716025138,1.27986685010117E-08,3.23076808483461E-07,-0.228538573481346
0.637743308678728,1.2803538000834E-08,3.24388656608121E-07,-0.229740408389323
0.640884901332318,1.28083534434486E-08,3.25708679630719E-07,-0.230942800823849
0.644026493985908,1.28131389990168E-08,3.27036904749824E-07,-0.232145740490213
0.647168086639497,1.28178700147141E-08,3.28373359347944E-07,-0.233349216873584
0.650309679293087,1.2822574117882E-08,3.29718070992115E-07,-0.234553219238091
0.653451271946677,1.28272208283872E-08,3.3107106743449E-07,-0.235757736623158
0.656592864600267,1.28318329570829E-08,3.32432376612913E-07,-0.236962757846604
0.659734457253857,1.28363862935452E-08,3.33802026651506E-07,-0.238168271498213
0.662876049907446,1.28408948621816E-08,3.35180045861235E-07,-0.239374265943649
0.666017642561036,1.28453609046081E-08,3.36566462740481E-07,-0.240580729318453
0.669159235214626,1.28497714636349E-08,3.37961305975601E-07,-0.241787649530465
0.672300827868216,1.28541362227848E-08,3.39364604441483E-07,-0.242995014256927
0.675442420521806,1.28584497836128E-08,3.40776387202103E-07,-0.244202810943517
0.678584013175395,1.2862704821556E-08,3.42196683511061E-07,-0.245411026803224
0.681725605828985,1.28669012433769E-08,3.43625522812132E-07,-0.246619648815553
0.684867198482575,1.28710388540762E-08,3.45062934739786E-07,-0.247828663725035
0.688008791136165,1.28751466756683E-08,3.46508949119724E-07,-0.249038058039998
0.691150383789755,1.28791640269208E-08,3.47963595969393E-07,-0.250247818032105
0.694291976443344,1.28831361059884E-08,3.49426905498498E-07,-0.251457929735177
0.697433569096934,1.28870583013644E-08,3.50898908109508E-07,-0.252668378942861
0.700575161750524,1.28909156456697E-08,3.52379634398156E-07,-0.25387915121079
0.703716754404114,1.2894698460668E-08,3.53869115153922E-07,-0.255090231851476
0.706858347057704,1.28984393532784E-08,3.55367381360521E-07,-0.256301605937373
0.709999939711293,1.29020932953358E-08,3.56874464196373E-07,-0.257513258296383
0.713141532364883,1.29056848386641E-08,3.58390395035068E-07,-0.258725173513457
0.716283125018473,1.29092154501445E-08,3.59915205445823E-07,-0.259937335929176
0.719424717672063,1.2912673370889E-08,3.61448927193926E-07,-0.261149729638322
0.722566310325652,1.29160784162843E-08,3.62991592241178E-07,-0.262362338489448
0.725707902979242,1.29193930687523E-08,3.64543232746319E-07,-0.26357514608468
0.728849495632832,1.2922645237118E-08,3.66103881065444E-07,-0.264788135777842
0.731991088286422,1.29258229451195E-08,3.67673569752411E-07,-0.266001290673877
0.735132680940012,1.29289182152414E-08,3.69252331559243E-07,-0.267214593630002
0.738274273593601,1.29319444975402E-08,3.70840199436511E-07,-0.268428027252315
0.741415866247191,1.29348931994513E-08,3.72437206533711E-07,-0.269641573897594
0.744557458900781,1.29377722892859E-08,3.74043386199629E-07,-0.270855215671267
0.747699051554371,1.29405654538267E-08,3.75658771982694E-07,-0.272068934427221
0.750840644207961,1.29432741541213E-08,3.7728339763132E-07,-0.273282711767313
0.75398223686155,1.29458999143644E-08,3.78917297094236E-07,-0.274496529041968
0.75712382951514,1.29484448848824E-08,3.80560504520802E-07,-0.27571036734668
0.76026542216873,1.29509054972053E-08,3.82213054261315E-07,-0.276924207526785
0.76340701482232,1.29532867076838E-08,3.83874980867298E-07,-0.278138030170214
0.76654860747591,1.29555730877792E-08,3.85546319091784E-07,-0.279351815614178
0.769690200129499,1.29577764443203E-08,3.87227103889578E-07,-0.280565543940299
0.772831792783089,1.29598819827583E-08,3.88917370417506E-07,-0.28177919497654
0.775973385436679,1.29618964098359E-08,3.90617154034657E-07,-0.282992748295213
0.779114978090269,1.29638267326471E-08,3.92326490302603E-07,-0.284206183215074
0.782256570743859,1.29656652688556E-08,3.94045414985611E-07,-0.285419478799037
0.785398163397448,1.29674032520983E-08,3.95773964050833E-07,-0.286632613855889
0.788539756051038,1.29690379178187E-08,3.97512173668488E-07,-0.287845566937755
0.791681348704628,1.29705895074338E-08,3.99260080212021E-07,-0.289058316344833
0.794822941358218,1.29720277452095E-08,4.01017720258253E-07,-0.290270840120328
0.797964534011808,1.29733704743931E-08,4.02785130587514E-07,-0.291483116053146
0.801106126665397,1.29746137794031E-08,4.04562348183752E-07,-0.292695121677077
0.804247719318987,1.2975750360547E-08,4.06349410234638E-07,-0.29390683427334
0.807389311972577,1.29767812560523E-08,4.08146354131645E-07,-0.295118230866657
0.810530904626167,1.29777143921717E-08,4.09953217470106E-07,-0.296329288229409
0.813672497279757,1.29785282528745E-08,4.11770038049273E-07,-0.297539982879281
0.816814089933346,1.2979237221169E-08,4.13596853872332E-07,-0.298750291082854
0.819955682586936,1.29798323038621E-08,4.15433703146425E-07,-0.29996018885258
0.823097275240526,1.29803255361611E-08,4.17280624282635E-07,-0.301169651947669
0.826238867894116,1.2980698899853E-08,4.1913765589596E-07,-0.302378655878826
0.829380460547705,1.29809523221102E-08,4.21004836805274E-07,-0.303587175903107
0.832522053201295,1.29811032722522E-08,4.22882206033251E-07,-0.304795187027405
0.835663645854885,1.29811282537908E-08,4.24769802806292E-07,-0.306002664009007
0.838805238508475,1.29810277285131E-08,4.26667666554411E-07,-0.30720958135764
0.841946831162065,1.29808219284554E-08,4.28575836911116E-07,-0.308415913332619
0.845088423815654,1.29804735112279E-08,4.30494353713263E-07,-0.309621633947005
0.848230016469244,1.29800149310606E-08,4.32423257000889E-07,-0.310826716967816
0.851371609122834,1.297943183034E-08,4.34362587017024E-07,-0.312031135915359
0.854513201776424,1.29787234036152E-08,4.36312384207485E-07,-0.313234864065565
0.857654794430014,1.29778867678456E-08,4.38272689220646E-07,-0.314437874451872
0.860796387083603,1.29769187778468E-08,4.40243542907182E-07,-0.315640139865118
0.863937979737193,1.29758158118713E-08,4.42224986319802E-07,-0.316841632853481
0.867079572390783,1.29745863782031E-08,4.44217060712943E-07,-0.318042325724301
0.870221165044373,1.29732080866606E-08,4.46219807542459E-07,-0.319242190549229
0.873362757697963,1.29717105674219E-08,4.48233268465275E-07,-0.320441199160819
0.876504350351552,1.29700781743529E-08,4.50257485339016E-07,-0.321639323155953
0.879645943005142,1.29683031890153E-08,4.52292500221628E-07,-0.322836533895324
0.882787535658732,1.29663788090494E-08,4.54338355370954E-07,-0.3240328025059
0.885929128312322,1.29643223418913E-08,4.56395093244303E-07,-0.3252280998866
0.889070720965912,1.29621231388618E-08,4.58462756497983E-07,-0.326422396701265
0.892212313619501,1.29597840846442E-08,4.60541387986818E-07,-0.327615663387448
0.895353906273091,1.29572973909256E-08,4.62631030763636E-07,-0.328807870157251
0.898495498926681,1.29546457664649E-08,4.64731728078722E-07,-0.329998986995113
0.901637091580271,1.29518625029989E-08,4.66843523379272E-07,-0.331188983661975
0.904778684233861,1.29489356852742E-08,4.68966460308789E-07,-0.33237782969897
0.90792027688745,1.29458361567448E-08,4.71100582706477E-07,-0.333565494426227
0.91106186954104,1.29426033072013E-08,4.73245934606594E-07,-0.334751946944095
0.91420346219463,1.29392111632134E-08,4.75402560237789E-07,-0.335937156143641
0.91734505484822,1.29356428451491E-08,4.77570504022407E-07,-0.337121090692943
0.920486647501809,1.29319318215101E-08,4.79749810575762E-07,-0.338303719053972
0.923628240155399,1.29280612413474E-08,4.81940524705395E-07,-0.339485009478084
0.926769832808989,1.29240321251613E-08,4.8414269141029E-07,-0.340664930007795
0.929911425462579,1.29198451486798E-08,4.86356355880078E-07,-0.341843448484028
0.933053018116169,1.29154796273114E-08,4.88581563494196E-07,-0.343020532537787
0.936194610769758,1.2910957374178E-08,4.90818359821032E-07,-0.344196149605322
0.939336203423348,1.29062718604889E-08,4.93066790617033E-07,-0.345370266922513
0.942477796076938,1.29014178402722E-08,4.95326901825786E-07,-0.346542851526925
0.945619388730528,1.28963840327552E-08,4.97598739577072E-07,-0.347713870267656
0.948760981384118,1.28911869740475E-08,4.99882350185893E-07,-0.348883289796222
0.951902574037707,1.28858187969589E-08,5.02177780151458E-07,-0.350051076579768
0.955044166691297,1.28802664885726E-08,5.04485076156154E-07,-0.351217196899921
0.958185759344887,1.28745460643052E-08,5.06804285064479E-07,-0.352381616849212
0.961327351998477,1.28686474439443E-08,5.09135453921946E-07,-0.353544302345434
0.964468944652067,1.28625773255006E-08,5.11478629953956E-07,-0.354705219127988
0.967610537305656,1.28563192192088E-08,5.13833860564645E-07,-0.355864332752847
0.970752129959246,1.28498761435541E-08,5.16201193335693E-07,-0.357021608608984
0.973893722612836,1.28432570694904E-08,5.1858067602511E-07,-0.358177011920658
0.977035315266426,1.28364492602333E-08,5.20972356565985E-07,-0.359330507734555
0.980176907920016,1.28294526766148E-08,5.23376283065205E-07,-0.36048206093966
0.983318500573605,1.28222768422711E-08,5.25792503802143E-07,-0.361631636258251
0.986460093227195,1.2814907919361E-08,5.28221067227319E-07,-0.362779198258493
0.989601685880785,1.28073538782544E-08,5.30662021961018E-07,-0.36392471135059
0.992743278534375,1.2799593576749E-08,5.33115416791889E-07,-0.365068139790742
0.995884871187965,1.27916472898389E-08,5.35581300675501E-07,-0.366209447690156
0.999026463841554,1.27835106371004E-08,5.38059722732873E-07,-0.367348599001781
1.00216805649514,1.27751724717084E-08,5.40550732248971E-07,-0.368485557550995
1.00530964914873,1.27666420417887E-08,5.43054378671167E-07,-0.36962028700397
1.00845124180232,1.27579091103296E-08,5.45570711607675E-07,-0.370752750904259
1.01159283445591,1.27489914687627E-08,5.48099780825942E-07,-0.371882912649846
1.0147344271095,1.27398483981203E-08,5.50641636251013E-07,-0.373010735514171
1.01787601976309,1.2730512773585E-08,5.53196327963865E-07,-0.37413618263606
1.02101761241668,1.27209760588544E-08,5.55763906199701E-07,-0.375259217029497
1.02415920507027,1.27112364560957E-08,5.58344421346212E-07,-0.376379801584728
1.02730079772386,1.27012865008194E-08,5.60937923941812E-07,-0.377497899080347
1.03044239037745,1.26911198692749E-08,5.63544464673822E-07,-0.378613472164399
1.03358398303104,1.26807521481095E-08,5.66164094376646E-07,-0.379726483378825
1.03672557568463,1.26701768599822E-08,5.68796864029887E-07,-0.380836895159133
1.03986716833822,1.26593785816949E-08,5.71442824756442E-07,-0.381944669821755
1.04300876099181,1.2648367210692E-08,5.74102027820561E-07,-0.383049769585967
1.0461503536454,1.26371467486594E-08,5.76774524625872E-07,-0.384152156569532
1.04929194629899,1.2625705764611E-08,5.79460366713363E-07,-0.385251792788351
1.05243353895258,1.26140535316537E-08,5.82159605759341E-07,-0.386348640158698
1.05557513160617,1.26021728713015E-08,5.84872293573348E-07,-0.387442660513813
1.05871672425976,1.2590089032663E-08,5.87598482096041E-07,-0.388533815588363
1.06185831691335,1.25777691538625E-08,5.90338223397045E-07,-0.389622067034355
1.06499990956694,1.25652301299044E-08,5.93091569672756E-07,-0.390707376412511
1.06814150222053,1.25524699762406E-08,5.95858573244124E-07,-0.391789705208085
1.07128309487412,1.25394806321131E-08,5.98639286554388E-07,-0.392869014826946
1.07442468752771,1.25262664206828E-08,6.01433762166781E-07,-0.39394526660228
1.0775662801813,1.25128341140061E-08,6.04242052762197E-07,-0.395018421779001
1.08070787283489,1.24991565938319E-08,6.07064211136816E-07,-0.396088441546717
1.08384946548848,1.2485250155583E-08,6.09900290199713E-07,-0.397155287015073
1.08699105814207,1.24711352483869E-08,6.12750342970394E-07,-0.398218919235165
1.09013265079566,1.24567737299091E-08,6.15614422576331E-07,-0.399279299191473
1.09327424344925,1.24421784527286E-08,6.1849258225044E-07,-0.40033638780687
1.09641583610284,1.2427362367999E-08,6.21384875328527E-07,-0.401390145944851
1.09955742875643,1.24122859747277E-08,6.24291355246689E-07,-0.402440534415669
1.10269902141002,1.23969855072754E-08,6.27212075538694E-07,-0.40348751396057
1.10584061406361,1.23814558077935E-08,6.30147089833304E-07,-0.404531045290253
1.1089822067172,1.23656705068788E-08,6.33096451851576E-07,-0.405571089043243
1.11212379937079,1.23496553399906E-08,6.36060215404105E-07,-0.406607605830816
1.11526539202438,1.23333977857209E-08,6.39038434388252E-07,-0.407640556187148
1.11840698467797,1.2316894982804E-08,6.42031162785312E-07,-0.408669900622789
1.12154857733156,1.23001560315971E-08,6.45038454657656E-07,-0.409695599599542
1.12469016998515,1.22831706596153E-08,6.48060364145827E-07,-0.410717613534824
1.12783176263874,1.22659434876239E-08,6.51096945465596E-07,-0.411735902808255
1.13097335529233,1.22484509957229E-08,6.5414825290498E-07,-0.412750427742599
1.13411494794592,1.22307193211958E-08,6.57214340821222E-07,-0.413761148641995
1.13725654059951,1.22127550079185E-08,6.60295263637722E-07,-0.414768025753552
1.1403981332531,1.21945294718324E-08,6.63391075840928E-07,-0.415771019299427
1.14353972590668,1.2176045924962E-08,6.66501831977202E-07,-0.416770089462801
1.14668131856027,1.21573289437603E-08,6.69627586649616E-07,-0.417765196373534
1.14982291121386,1.21383490000425E-08,6.72768394514725E-07,-0.418756300142937
1.15296450386745,1.21191169762635E-08,6.75924310279294E-07,-0.419743360837421
1.15610609652104,1.20996278620289E-08,6.79095388696974E-07,-0.420726338484907
1.15924768917463,1.2079878733013E-08,6.82281684564943E-07,-0.42170519308156
1.16238928182822,1.20598817110097E-08,6.85483252720494E-07,-0.422679884576052
1.16553087448181,1.20396279973847E-08,6.88700148037584E-07,-0.423650372879036
1.1686724671354,1.20191102460525E-08,6.91932425423339E-07,-0.424616617864607
1.17181405978899,1.19983475284733E-08,6.95180139814501E-07,-0.425578579376943
1.17495565244258,1.19773175544251E-08,6.9844334617384E-07,-0.426536217189717
1.17809724509617,1.19560149298234E-08,7.01722099486517E-07,-0.427489491053298
1.18123883774976,1.19344522236286E-08,7.05016454756386E-07,-0.428438360665975
1.18438043040335,1.19126276692015E-08,7.08326467002262E-07,-0.429382785678858
1.18752202305694,1.18905405404099E-08,7.11652191254134E-07,-0.430322725679304
1.19066361571053,1.18681974583963E-08,7.14993682549317E-07,-0.431258140224864
1.19380520836412,1.18455795775863E-08,7.1835099592857E-07,-0.4321889887935
1.19694680101771,1.18226915856415E-08,7.21724186432147E-07,-0.43311523081739
1.2000883936713,1.17995305132687E-08,7.25113309095798E-07,-0.434036825652555
1.20322998632489,1.17761034820002E-08,7.28518418946708E-07,-0.434953732588488
1.20637157897848,1.17524126460364E-08,7.31939570999403E-07,-0.435865910854943
1.20951317163207,1.1728454318381E-08,7.3537682025157E-07,-0.436773319590265
1.21265476428566,1.17042143319294E-08,7.38830221679828E-07,-0.437675917860033
1.21579635693925,1.16796975066195E-08,7.4229983023545E-07,-0.438573664623995
1.21893794959284,1.16549067684675E-08,7.45785700840013E-07,-0.439466518768528
1.22207954224643,1.16298461081083E-08,7.49287888380974E-07,-0.440354439084616
1.22522113490002,1.16045015757029E-08,7.5280644770721E-07,-0.441237384229489
1.22836272755361,1.15788862826503E-08,7.56341433624466E-07,-0.442115312750979
1.2315043202072,1.15529805529695E-08,7.59892900890745E-07,-0.442988183103375
1.23464591286079,1.15268155908019E-08,7.63460904211626E-07,-0.443855953575077
1.23778750551438,1.15003600009616E-08,7.67045498235512E-07,-0.44471858234345
1.24092909816797,1.14736055928407E-08,7.70646737548801E-07,-0.445576027416708
1.24407069082156,1.1446581918537E-08,7.7426467667098E-07,-0.446428246659512
1.24721228347515,1.1419283375586E-08,7.77899370049647E-07,-0.447275197760827
1.25035387612874,1.13916764334246E-08,7.8155087205544E-07,-0.448116838229702
1.25349546878233,1.13637908107249E-08,7.85219236976896E-07,-0.448953125388445
1.25663706143592,1.13356231079572E-08,7.88904519015211E-07,-0.449784016357235
1.25977865408951,1.13071521750825E-08,7.92606772278915E-07,-0.450609468030438
1.2629202467431,1.12783945776678E-08,7.96326050778458E-07,-0.451429437085062
1.26606183939669,1.12493424598853E-08,8.00062408420699E-07,-0.452243879934047
1.26920343205028,1.12200057709924E-08,8.03815899003286E-07,-0.453052752760778
1.27234502470387,1.11903564326849E-08,8.07586576208949E-07,-0.45385601144499
1.27548661735746,1.11604198998277E-08,8.11374493599677E-07,-0.454653611593952
1.27862821001105,1.1130175006385E-08,8.15179704610779E-07,-0.455445508483039
1.28176980266464,1.10996444778873E-08,8.19002262544846E-07,-0.456231657080855
1.28491139531823,1.10688001884318E-08,8.22842220565573E-07,-0.457012011998547
1.28805298797182,1.10376445023912E-08,8.26699631691479E-07,-0.457786527462814
1.29119458062541,1.10061938006886E-08,8.30574548789476E-07,-0.458555157341238
1.29433617327899,1.09744389456041E-08,8.3446702456832E-07,-0.459317855061104
1.29747776593258,1.09423589749536E-08,8.38377111571914E-07,-0.460074573606569
1.30061935858617,1.09099707092998E-08,8.42304862172458E-07,-0.460825265532245
1.30376095123976,1.0877277935435E-08,8.46250328563464E-07,-0.46156988286745
1.30690254389335,1.08442578943437E-08,8.50213562752598E-07,-0.462308377136987
1.31004413654694,1.08109172317481E-08,8.54194616554354E-07,-0.463040699332986
1.31318572920053,1.07772603909131E-08,8.58193541582562E-07,-0.463766799840075
1.31632732185412,1.07432782816363E-08,8.62210389242711E-07,-0.464486628454547
1.31946891450771,1.07089600080284E-08,8.66245210724083E-07,-0.465200134312499
1.3226105071613,1.06743222998075E-08,8.7029805699168E-07,-0.465907265882246
1.32575209981489,1.06393635311834E-08,8.74368978777947E-07,-0.466607970915692
1.32889369246848,1.06040581795973E-08,8.78458026574279E-07,-0.467302196385025
1.33203528512207,1.05684070529431E-08,8.82565250622303E-07,-0.467989888484076
1.33517687777566,1.0532436731144E-08,8.86690700904891E-07,-0.468670992555256
1.33831847042925,1.04961061824001E-08,8.90834427136957E-07,-0.469345453056318
1.34146006308284,1.045942955767E-08,8.94996478755963E-07,-0.470013213496276
1.34460165573643,1.0422409507491E-08,8.99176904912152E-07,-0.470674216397883
1.34774324839002,1.03850294983942E-08,9.03375754458483E-07,-0.471328403270585
1.35088484104361,1.03472953671112E-08,9.07593075940274E-07,-0.471975714472012
1.3540264336972,1.03092024996299E-08,9.11828917584477E-07,-0.472616089239056
1.35716802635079,1.0270738808735E-08,9.16083327288669E-07,-0.473249465594224
1.36030961900438,1.02319003293166E-08,9.20356352609622E-07,-0.473875780244431
1.36345121165797,1.01927029822909E-08,9.24648040751512E-07,-0.474494968543081
1.36659280431156,1.01531123808174E-08,9.28958438553754E-07,-0.475106964438857
1.36973439696515,1.01131468996393E-08,9.33287592478363E-07,-0.475711700364466
1.37287598961874,1.00727842071336E-08,9.37635548596872E-07,-0.47630910714214
1.37601758227233,1.00320441916629E-08,9.42002352576823E-07,-0.47689911397171
1.37915917492592,9.99091088551492E-09,9.46388049667671E-07,-0.477481648200583
1.38230076757951,9.94934266301334E-09,9.50792684686242E-07,-0.478056635432576
1.3854423602331,9.90739392432717E-09,9.55216302001535E-07,-0.478623999237222
1.38858395288669,9.86501417761184E-09,9.59658945519003E-07,-0.479183661119254
1.39172554554028,9.82222210740617E-09,9.64120658664165E-07,-0.47973554040391
1.39486713819387,9.77901477700812E-09,9.68601484365514E-07,-0.480279554134208
1.39800873084746,9.73534742172887E-09,9.73101465036772E-07,-0.48081561691094
1.40115032350105,9.69125285766965E-09,9.77620642558324E-07,-0.481343640820412
1.40429191615464,9.6467076013818E-09,9.82159058257878E-07,-0.481863535185341
1.40743350880823,9.60169787043237E-09,9.86716752890254E-07,-0.482375206507465
1.41057510146182,9.55625182273839E-09,9.91293766616232E-07,-0.482878558282789
1.41371669411541,9.51030233368417E-09,9.95890138980498E-07,-0.483373490856263
1.416858286769,9.46391109093377E-09,1.00050590888844E-06,-0.483859901108442
1.41999987942259,9.41700551594993E-09,1.00514111458193E-06,-0.484337682498174
1.42314147207618,9.36961094385812E-09,1.00979579361389E-06,-0.484806724692853
1.42628306472977,9.3217112681589E-09,1.01446998282154E-06,-0.485266913372455
1.42942465738336,9.27329293067656E-09,1.01916371829843E-06,-0.485718130065819
1.43256625003695,9.2243534341201E-09,1.02387703536488E-06,-0.48616025184088
1.43570784269054,9.1748841001341E-09,1.02860996853695E-06,-0.486593151049516
1.43884943534413,9.12487451871736E-09,1.03336255149379E-06,-0.487016695150007
1.44199102799772,9.07430426183094E-09,1.03813481704316E-06,-0.487430746317799
1.4451326206513,9.02316005192294E-09,1.04292679708507E-06,-0.487835161097578
1.44827421330489,8.97145540982843E-09,1.04773852257339E-06,-0.488229790198203
1.45141580595848,8.91916384989233E-09,1.05257002347536E-06,-0.488614478061214
1.45455739861207,8.86626318904955E-09,1.05742132872855E-06,-0.488989062394474
1.45769899126566,8.81275060577097E-09,1.06229246619563E-06,-0.489353373981076
1.46084058391925,8.75863838096746E-09,1.06718346261608E-06,-0.489707236060389
1.46398217657284,8.70387824756431E-09,1.07209434355529E-06,-0.490050463851017
1.46712376922643,8.6484825235037E-09,1.0770251333504E-06,-0.490382864172626
1.47026536188002,8.59242681109752E-09,1.08197585505279E-06,-0.49070423489463
1.47340695453361,8.53570303636243E-09,1.08694653036697E-06,-0.491014364077188
1.4765485471872,8.47831074453273E-09,1.09193717958564E-06,-0.49131302983038
1.47969013984079,8.42024012697945E-09,1.09694782152043E-06,-0.491599999141421
1.48283173249438,8.35018522023126E-09,1.10197847376841E-06,-0.491876629515928
1.48597332514797,8.29534981334751E-09,1.10702915096537E-06,-0.492139623485378
1.48911491780156,8.23438409125368E-09,1.11209986797698E-06,-0.49239017325727
1.49225651045515,8.17258256866515E-09,1.11719063659195E-06,-0.492627999017033
1.49539810310874,8.10992848778841E-09,1.122301467008E-06,-0.492852806533813
1.49853969576233,8.04642307773722E-09,1.12743236741853E-06,-0.493064286391643
1.50168128841592,7.98202565313542E-09,1.13258334390349E-06,-0.493262113086371
1.50482288106951,7.91672632919773E-09,1.13775440031254E-06,-0.493445943964783
1.5079644737231,7.85052084644064E-09,1.14294553814013E-06,-0.493615418233019
1.51110606637669,7.78336654207627E-09,1.14815675639174E-06,-0.493770155756486
1.51424765903028,7.71528246830464E-09,1.15338805144072E-06,-0.493909755968146
1.51738925168387,7.64622568473348E-09,1.15863941687504E-06,-0.494033796562146
1.52053084433746,7.57622486240218E-09,1.16391084333326E-06,-0.494141832217827
1.52367243699105,7.50526285289237E-09,1.16920231832899E-06,-0.494233393260455
1.52681402964464,7.4333753271473E-09,1.17451382606316E-06,-0.494307984280192
1.52995562229823,7.36064881740171E-09,1.17984534722331E-06,-0.494365082701743
1.53309721495182,7.28708334882273E-09,1.18519685876922E-06,-0.494404137429874
1.53623880760541,7.2128524994157E-09,1.19056833370426E-06,-0.494424567376007
1.539380400259,7.13816628313177E-09,1.19595974083182E-06,-0.4944257604628
1.54252199291259,7.05016714969506E-09,1.20137104486015E-06,-0.49440733655311
1.54566358556618,6.97614568180448E-09,1.20680220448128E-06,-0.494368175267802
1.54880517821977,6.89637457187096E-09,1.21225317511099E-06,-0.494307765518831
1.55194677087336,6.81556699830042E-09,1.21772390576816E-06,-0.494225364264935
1.55508836352695,6.73371421290815E-09,1.22321434007084E-06,-0.494120193179026
1.55822995618054,6.65089074926809E-09,1.22872441565301E-06,-0.493991438646369
1.56137154883413,6.56712405078513E-09,1.23425406381611E-06,-0.493838252175739
1.56451314148772,6.4824609672803E-09,1.23980320916936E-06,-0.493659751415945
1.56765473414131,6.39697331818407E-09,1.24537176926127E-06,-0.493455021799322
1.5707963267949,6.31077271697985E-09,1.25095965420568E-06,-0.493223118910576
1.57393791944849,6.22391153736038E-09,1.25656676630612E-06,-0.492963071377205
1.57707951210208,6.13655117056868E-09,1.26219299968313E-06,-0.492673884530123
1.58022110475567,6.04877660783457E-09,1.26783823991015E-06,-0.492354544674725
1.58336269740926,5.96074052625059E-09,1.27350236366364E-06,-0.492004024246536
1.58650429006285,5.87260838849561E-09,1.27918523839405E-06,-0.491621287782679
1.58964588271644,5.78453672952541E-09,1.28488672202425E-06,-0.491205298796822
1.59278747537003,5.69671124948443E-09,1.29060666268181E-06,-0.490755027781199
1.59592906802361,5.60928741453726E-09,1.29634489847124E-06,-0.490269460097828
1.5990706606772,5.5224956717481E-09,1.30210125729136E-06,-0.489747603418902
1.60221225333079,5.43648108574099E-09,1.30787555670165E-06,-0.48918849172177
1.60535384598438,5.35146164791144E-09,1.31366760383991E-06,-0.488591186751441
1.60849543863797,5.2676010917776E-09,1.31947719539195E-06,-0.487954795529655
1.61163703129156,5.19044126121677E-09,1.3253041174552E-06,-0.487276252532503
1.61477862394515,5.1034391411591E-09,1.33114814651932E-06,-0.486561589830622
1.61792021659874,5.02370843099965E-09,1.3370090474002E-06,-0.485803392191036
1.62106180925233,4.94715965042122E-09,1.34288657607934E-06,-0.485002661894826
1.62420340190592,4.87461899034858E-09,1.34878047804808E-06,-0.484159608685916
1.62734499455951,4.8070422211226E-09,1.35469048920297E-06,-0.483273546427886
1.6304865872131,4.71914017138047E-09,1.36061633662512E-06,-0.48234306990539
1.63362817986669,4.65552265660811E-09,1.3665577358905E-06,-0.481368832436796
1.63676977252028,4.5878163918908E-09,1.37251439620823E-06,-0.48035004834482
1.63991136517387,4.52217170319325E-09,1.37848601645941E-06,-0.479286371897723
1.64305295782746,4.45862239578559E-09,1.38447228721941E-06,-0.478177497982126
1.64619455048105,4.39714881255366E-09,1.39047289063744E-06,-0.477023157644028
1.64933614313464,4.33770951421159E-09,1.39648750061792E-06,-0.475823113224069
1.65247773578823,4.28031327831871E-09,1.4025157829827E-06,-0.474577153605691
1.65561932844182,4.22488237151971E-09,1.40855739561262E-06,-0.473285089959227
1.65876092109541,4.1714164568166E-09,1.41461198856773E-06,-0.471946751719477
1.661902513749,4.11985607052135E-09,1.42067920418548E-06,-0.470561982724493
1.66504410640259,4.07014868145878E-09,1.42675867715669E-06,-0.469130637419146
1.66818569905618,4.02223915646325E-09,1.4328500345796E-06,-0.467652576974486
1.67132729170977,3.97607035165331E-09,1.43895289599319E-06,-0.466127665933452
1.67446888436336,3.93159453811399E-09,1.44506687339139E-06,-0.464555769499852
1.67761047701695,3.88874043928439E-09,1.45119157122005E-06,-0.462936751392391
1.68075206967054,3.8474355567437E-09,1.4573265863572E-06,-0.461270471769992
1.68389366232413,3.80766633867563E-09,1.46347150807582E-06,-0.459556785075375
1.68703525497772,3.76933762599143E-09,1.46962591798808E-06,-0.457795537941274
1.69017684763131,3.73243343176523E-09,1.47578938997186E-06,-0.455986567742362
1.6933184402849,3.70674796259589E-09,1.4819614907773E-06,-0.454163531347374
1.69646003293849,3.66399588202444E-09,1.48814177729633E-06,-0.452254440301983
1.69960162559208,3.63115354102201E-09,1.49432979990271E-06,-0.450298263912388
1.70274321824567,3.59909530711544E-09,1.50052510102698E-06,-0.448294261069852
1.70588481089926,3.56822619120033E-09,1.50672721441659E-06,-0.44624180716374
1.70902640355285,3.5385452186044E-09,1.51293566548264E-06,-0.444140675431512
1.71216799620644,3.5099479159612E-09,1.51914997107846E-06,-0.4419905850664
1.71530958886003,3.48245360206653E-09,1.52536963932421E-06,-0.439791245187743
1.71845118151362,3.45598846351143E-09,1.53159416947291E-06,-0.437542359041247
1.72159277416721,3.43052132548053E-09,1.53782305181879E-06,-0.435243633620744
1.7247343668208,3.40601455016684E-09,1.5440557675981E-06,-0.432894757865337
1.72787595947439,3.38240246068234E-09,1.55029178880217E-06,-0.430495397400081
1.73101755212798,3.35963035799356E-09,1.55653057786357E-06,-0.428045172763753
1.73415914478157,3.337686299197E-09,1.56277158728785E-06,-0.425543671355817
1.73730073743516,3.31655777439996E-09,1.56901425940045E-06,-0.422990497029814
1.74044233008875,3.29626172751623E-09,1.57525802634259E-06,-0.420385286467746
1.74358392274234,3.27678386640632E-09,1.58150231024732E-06,-0.417727712567793
1.74672551539592,3.2580353803482E-09,1.58774652328257E-06,-0.415017420486799
1.74986710804951,3.23993384058226E-09,1.59399006721736E-06,-0.412253941748003
1.7530087007031,3.22237865683773E-09,1.60023233249937E-06,-0.409436680819305
1.75615029335669,3.20539873833719E-09,1.60647269735237E-06,-0.40656500017734
1.75929188601028,3.18913384217503E-09,1.61271052763897E-06,-0.403638381698607
1.76243347866387,3.17368725700233E-09,1.61894517777723E-06,-0.400656534385584
1.76557507131746,3.1589898005104E-09,1.62517599198814E-06,-0.397619261239577
1.76871666397105,3.14481740717601E-09,1.63140230442863E-06,-0.394526172796815
1.77185825662464,3.13086667938855E-09,1.63762343728417E-06,-0.391376458040271
1.77499984927823,3.11708720376785E-09,1.64383869766666E-06,-0.388168963006191
1.77814144193182,3.10374060552156E-09,1.65004737582085E-06,-0.384902664717538
1.78128303458541,3.09131475802132E-09,1.6562487468654E-06,-0.381577172860931
1.784424627239,3.07995343788616E-09,1.66244207546579E-06,-0.378192765862328
1.78756621989259,3.06930596535796E-09,1.66862661932823E-06,-0.374749694145375
1.79070781254618,3.05859377762076E-09,1.67480162693714E-06,-0.371247214833079
1.79384940519977,3.04729223385528E-09,1.68096632939735E-06,-0.367683307691972
1.79699099785336,3.03575662101139E-09,1.68711993245674E-06,-0.364055579620751
1.80013259050695,3.0250635472116E-09,1.69326161692174E-06,-0.360362904814019
1.80327418316054,3.01616565911452E-09,1.69939055004094E-06,-0.356606287598801
1.80641577581413,3.00877005376996E-09,1.70550589929555E-06,-0.352787703881224
1.80955736846772,3.00130854817277E-09,1.71160683378509E-06,-0.348907455083515
1.81269896112131,2.99217447679373E-09,1.71769250719809E-06,-0.344962468880248
1.8158405537749,2.98133691113046E-09,1.72376203438782E-06,-0.340947595593012
1.81898214642849,2.97084762255195E-09,1.72981448365161E-06,-0.33685942826455
1.82212373908208,2.96321167680087E-09,1.73584889826197E-06,-0.33269960190797
1.82526533173567,2.95879807540776E-09,1.74186433372049E-06,-0.328473538478695
1.82840692438926,2.95478523789958E-09,1.74785987248568E-06,-0.3241843803221
1.83154851704285,2.9476377198849E-09,1.75383459247501E-06,-0.319827991147549
1.83469010969644,2.93641948949668E-09,1.7597875123132E-06,-0.31539448329059
1.83783170235003,2.9243963883778E-09,1.76571756381436E-06,-0.310875814558327
1.84097329500362,2.91682273455733E-09,1.77162362892489E-06,-0.30627408384889
1.84411488765721,2.91520353921853E-09,1.7775046227355E-06,-0.301600825945738
1.8472564803108,2.91469674558788E-09,1.7833595355749E-06,-0.296864236004892
1.85039807296439,2.9088418412283E-09,1.78918737209926E-06,-0.292058135891428
1.85353966561798,2.8956424568919E-09,1.79498703961705E-06,-0.287164783307085
1.85668125827157,2.88045739574741E-09,1.8007572911322E-06,-0.282169217180067
1.85982285092516,2.87259440759957E-09,1.80649679676502E-06,-0.277075748809371
1.86296444357875,2.87428598614202E-09,1.81220430960527E-06,-0.271906627258226
1.86610603623234,2.8765454288814E-09,1.81787873695541E-06,-0.266675507497761
1.86924762888593,2.86942586861944E-09,1.82351900328535E-06,-0.261369219502684
1.87238922153952,2.85137514919414E-09,1.82912384950036E-06,-0.255957332863509
1.87553081419311,2.83230621951804E-09,1.8346917635571E-06,-0.250418682333216
1.8786724068467,2.82648181397206E-09,1.84022115055729E-06,-0.244768527565415
1.88181399950029,2.83234743324324E-09,1.84571062791091E-06,-0.23904546737548
1.88495559215388,2.83370862486374E-09,1.85115904959376E-06,-0.233259884978902
1.88809718480747,2.81952042475853E-09,1.85656519224861E-06,-0.227379378351981
1.89123877746106,2.79321457060349E-09,1.86192747358048E-06,-0.221357560575025
1.89438037011465,2.77406649619595E-09,1.86724397821943E-06,-0.215180649660016
1.89752196276823,2.77573543904992E-09,1.87251287542074E-06,-0.208895625037285
1.90066355542182,2.78219358625792E-09,1.87773277299374E-06,-0.202547466177574
1.90380514807541,2.77264454575561E-09,1.88290241891635E-06,-0.196114442221567
1.906946740729,2.74330735305295E-09,1.88802017022988E-06,-0.189532417846892
1.91008833338259,2.71249641870158E-09,1.8930838212015E-06,-0.182756448512553
1.91322992603618,2.7060614555832E-09,1.89809104216817E-06,-0.175826760279686
1.91637151868977,2.71220700912822E-09,1.90304006566241E-06,-0.168818747793206
1.91951311134336,2.70210193745188E-09,1.90792948178468E-06,-0.161721297353396
1.92265470399695,2.66768113401128E-09,1.91275743710679E-06,-0.154452701379294
1.92579629665054,2.62877276712391E-09,1.91752129810194E-06,-0.146946594008524
1.92893788930413,2.61725897392171E-09,1.92221820377259E-06,-0.13924865809639
1.93207948195772,2.6177234541374E-09,1.9268460212169E-06,-0.131452116205162
1.93522107461131,2.59685474374329E-09,1.93140300501901E-06,-0.123529837613166
1.9383626672649,2.5504104169069E-09,1.93588669962303E-06,-0.115372216388039
1.94150425991849,2.50895406482063E-09,1.94029367439211E-06,-0.106918583646681
1.94464585257208,2.49702964643815E-09,1.94462055326495E-06,-0.098260361363451
1.94778744522567,2.48024948941197E-09,1.94886489885063E-06,-0.089463119990466
1.95092903787926,2.43361427352722E-09,1.95302409733629E-06,-0.080427573470299
1.95407063053285,2.37490015414117E-09,1.95709424514818E-06,-0.071027511580778
1.95721222318644,2.34249840573826E-09,1.96107079334908E-06,-0.061299641228895
1.96035381584003,2.31395869484512E-09,1.96495008542004E-06,-0.051348098218834
1.96349540849362,2.25516293077288E-09,1.96872854577901E-06,-0.041075623429516
1.96663700114721,2.18300755818857E-09,1.97240099230981E-06,-0.03031746941505
1.9697785938008,2.13355501782906E-09,1.97596131754314E-06,-0.019104003924753
1.97292018645439,2.07593059932266E-09,1.9794041888078E-06,-0.007499938712186
1.97606177910798,1.98682074929023E-09,1.98272350916709E-06,0.004686597291064
1.97920337176157,1.9016697796911E-09,1.98591083491365E-06,0.017614621529962
1.98234496441516,1.81920392628293E-09,1.98895720975221E-06,0.031236249275904
1.98548655706875,1.70265567406146E-09,1.99185285723429E-06,0.045774786251641
1.98862814972234,1.58073757175547E-09,1.99458416293933E-06,0.061558280269674
1.99176974237593,1.43960574923752E-09,1.99713474902889E-06,0.079023065955681
1.99491133502952,1.2614352341811E-09,1.99948294367143E-06,0.098551217993222
1.99805292768311,1.05021658110396E-09,2.00159608326443E-06,0.121383886138244
2.0011945203367,1.17996473060633E-08,6.66501832923729E-07,0.416770110631429
2.00433611299029,1.18186597092883E-08,6.63391076775117E-07,0.415771039953323
2.00747770564388,1.18371843132321E-08,6.60295264559791E-07,0.414768258827136
2.01061929829747,1.1856029206034E-08,6.57214341731227E-07,0.413761371264868
2.01376089095106,1.18745264168533E-08,6.54148253802992E-07,0.41275044691956
2.01690248360465,1.18927265534556E-08,6.51096946351821E-07,0.411735921517112
2.02004407625824,1.19106244265893E-08,6.480603650204E-07,0.410717631793722
2.02318566891183,1.19282519558304E-08,6.45038455520711E-07,0.409695617414865
2.02632726156542,1.1946015030956E-08,6.42031163636978E-07,0.408669918005201
2.02946885421901,1.19628210261312E-08,6.39038435228677E-07,0.407640573147396
2.0326104468726,1.19805233809901E-08,6.36060216233373E-07,0.406607622379316
2.03575203952619,1.19967678171447E-08,6.33096452669859E-07,0.405571105201178
2.03889363217978,1.20138620690718E-08,6.3014709064078E-07,0.404531245891118
2.04203522483337,1.20300093134512E-08,6.27212076335359E-07,0.403487529349497
2.04517681748696,1.20461581164049E-08,6.24291356032732E-07,0.40244054943129
2.04831841014054,1.2061981826444E-08,6.21384876104071E-07,0.401390160603274
2.05146000279413,1.2078004886908E-08,6.18492583015609E-07,0.400336402113595
2.05460159544772,1.20936664458915E-08,6.15614423331244E-07,0.399279313155322
2.05774318810131,1.21089662333395E-08,6.1275034371517E-07,0.398218932864446
2.0608847807549,1.21240647776875E-08,6.0990029093447E-07,0.397155300317792
2.06402637340849,1.21389945593606E-08,6.07064211861675E-07,0.396088454530611
2.06716796606208,1.21538195979816E-08,6.0424205347727E-07,0.395018434454399
2.07030955871567,1.21682705036591E-08,6.01433762872198E-07,0.393945278974473
2.07345115136926,1.21833021167219E-08,5.98639287250229E-07,0.39286902691633
2.07659274402285,1.21968776652548E-08,5.95858573930534E-07,0.391789716998836
2.07973433667644,1.22109278310233E-08,5.93091570349836E-07,0.390707387920181
2.08287592933003,1.22242816397001E-08,5.90338224064914E-07,0.389622078266998
2.08601752198362,1.22382914283855E-08,5.87598482754792E-07,0.388533826553323
2.08915911463721,1.22513842866929E-08,5.84872294223087E-07,0.387442671219392
2.0923007072908,1.22646192658183E-08,5.82159606400195E-07,0.386348650610431
2.09544229994439,1.22774599363165E-08,5.79460367345429E-07,0.385251802989525
2.09858389259798,1.22902353999093E-08,5.76774525249257E-07,0.384152166529338
2.10172548525157,1.23025185466709E-08,5.74102028435367E-07,0.383049779309256
2.10486707790516,1.23148389620806E-08,5.71442825362773E-07,0.381944679312405
2.10800867055875,1.23269431838441E-08,5.68796864627845E-07,0.380836904423152
2.11115026321234,1.23386223092091E-08,5.66164094966332E-07,0.379726492423804
2.11429185586593,1.23506804801019E-08,5.63544465255336E-07,0.378613480991784
2.11743344851952,1.23620733037167E-08,5.60937924515259E-07,0.377497907696892
2.12057504117311,1.23738791582635E-08,5.5834442191167E-07,0.37637980999587
2.1237166338267,1.23845164771713E-08,5.55763906757288E-07,0.375259225239661
2.12685822648029,1.23954606374346E-08,5.5319632851367E-07,0.37413619065026
2.12999981913388,1.24063243016235E-08,5.50641636793137E-07,0.373010743337718
2.13314141178747,1.24169308076041E-08,5.48099781360459E-07,0.371882920288524
2.13628300444106,1.24273810177825E-08,5.45570712134699E-07,0.370752758357732
2.13942459709465,1.24371913620198E-08,5.43054379190819E-07,0.369620421549507
2.14256618974824,1.24474043827759E-08,5.40550732761269E-07,0.368485564650226
2.14570778240183,1.2457093725766E-08,5.38059723237943E-07,0.367348605933097
2.14884937505542,1.24670634397953E-08,5.35581301173433E-07,0.366209454452772
2.15199096770901,1.24764430255325E-08,5.33115417282771E-07,0.36506814639302
2.1551325603626,1.24857351964511E-08,5.30662022444938E-07,0.363924717793416
2.15827415301619,1.2494679861882E-08,5.28221067704364E-07,0.362779204546481
2.16141574566978,1.2503597943191E-08,5.25792504272397E-07,0.361631642394768
2.16455733832337,1.25121495508068E-08,5.23376283528753E-07,0.360482066927783
2.16769893097696,1.25207998824929E-08,5.20972357022916E-07,0.359330513579207
2.17084052363055,1.25295379385109E-08,5.18580676475492E-07,0.358177017628961
2.17398211628414,1.25373629890493E-08,5.16201193779622E-07,0.357021614175213
2.17712370893773,1.25456376607449E-08,5.13833861002196E-07,0.355864338181771
2.18026530159132,1.25533804916356E-08,5.11478630385211E-07,0.354705224425007
2.18340689424491,1.25610662317866E-08,5.09135454346984E-07,0.353544307516282
2.1865484868985,1.2568538296745E-08,5.06804285483378E-07,0.352381621894108
2.18969007955209,1.25757716407319E-08,5.04485076568992E-07,0.351217201821277
2.19283167220568,1.25832155123139E-08,5.02177780558312E-07,0.350051081382484
2.19597326485927,1.25903067574646E-08,4.99882350586839E-07,0.34888329448134
2.19911485751286,1.25968002358963E-08,4.97598739972186E-07,0.347713874837989
2.20225645016644,1.26034532977816E-08,4.95326902215142E-07,0.346542855986384
2.20539804282003,1.26103318597249E-08,4.93066791000696E-07,0.345370271271616
2.20853963547362,1.26163793899266E-08,4.90818360199086E-07,0.344196153848316
2.21168122812721,1.26228491353772E-08,4.88581563866709E-07,0.343020536676345
2.2148228207808,1.26286920492946E-08,4.86356356247121E-07,0.341843452520242
2.21796441343439,1.26344184616253E-08,4.84142691771933E-07,0.340664933945783
2.22110600608798,1.26403733260295E-08,4.81940525061707E-07,0.339485013318013
2.22424759874157,1.26457737834412E-08,4.79749810926813E-07,0.338303722798757
2.22738919139516,1.26511689082179E-08,4.77570504368264E-07,0.33712109434479
2.23053078404875,1.26563565710321E-08,4.7540256057852E-07,0.33593715970493
2.23367237670234,1.26615021076591E-08,4.73245934942264E-07,0.334751950418488
2.23681396935593,1.26664236817688E-08,4.71100583037152E-07,0.333565497812873
2.23995556200952,1.26712236110052E-08,4.68966460634536E-07,0.332377833001562
2.24309715466311,1.26759795789143E-08,4.66843523700153E-07,0.331188986882144
2.2462387473167,1.26803073701344E-08,4.64731728394801E-07,0.329998990134492
2.24938033997029,1.26847241846018E-08,4.62631031074975E-07,0.32880787321828
2.25252193262388,1.26890799544108E-08,4.60541388293482E-07,0.327615666371856
2.25566352527747,1.26931843685392E-08,4.58462756800051E-07,0.326422486454585
2.25880511793106,1.26969658032469E-08,4.56395093541815E-07,0.325228187747381
2.26194671058465,1.270062575697E-08,4.54338355663951E-07,0.324032805270656
2.26508830323824,1.2704372879265E-08,4.52292500510189E-07,0.322836536589636
2.26822989589183,1.27079317429426E-08,4.502574856232E-07,0.321639325782636
2.27137148854542,1.27113058868733E-08,4.48233268745139E-07,0.320441201721405
2.27451308119901,1.27144024827462E-08,4.46219807818062E-07,0.319242193044442
2.2776546738526,1.27175274327488E-08,4.4421706098434E-07,0.318042328155457
2.28079626650619,1.27206019276532E-08,4.42224986587049E-07,0.316841635221883
2.28393785915978,1.27232728101407E-08,4.40243543170335E-07,0.31564014217372
2.28707945181337,1.2726114555944E-08,4.38272689479759E-07,0.314437876702031
2.29022104446696,1.27286574325895E-08,4.36312384462612E-07,0.3132348662579
2.29336263712055,1.27311747966841E-08,4.3436258726822E-07,0.312031138050864
2.29650422977414,1.27333429758338E-08,4.32423257248206E-07,0.31082671904837
2.29964582242773,1.27355845848238E-08,4.30494353956753E-07,0.309621635973949
2.30278741508132,1.27375108147074E-08,4.28575837150831E-07,0.308415915306883
2.30592900773491,1.27395081257079E-08,4.26667666790402E-07,0.30720958328064
2.3090706003885,1.27416851821035E-08,4.24769803038605E-07,0.3060026658841
2.31221219304209,1.27431722628712E-08,4.22882206261942E-07,0.304795188851669
2.31535378569568,1.27448041871908E-08,4.21004837030388E-07,0.303587177679905
2.31849537834927,1.27461674943835E-08,4.19137656117548E-07,0.302378657609634
2.32163697100286,1.27475816194125E-08,4.17280624500743E-07,0.301169653633338
2.32477856365645,1.27487659521643E-08,4.15433703361102E-07,0.299960190493402
2.32792015631004,1.27499507568342E-08,4.13596854083624E-07,0.298750292680832
2.33106174896363,1.27509985860888E-08,4.11770038257227E-07,0.297539984435227
2.33420334161722,1.2751927505266E-08,4.09953217674767E-07,0.296329289743792
2.33734493427081,1.27525261521785E-08,4.08146354333058E-07,0.295118232341216
2.3404865269244,1.27533136422372E-08,4.06349410432849E-07,0.293906835708949
2.34362811957799,1.27539352936908E-08,4.04562348378804E-07,0.292695123075045
2.34676971223158,1.27544298951294E-08,4.0278513077945E-07,0.291483117413613
2.34991130488517,1.27547569650488E-08,4.01017720447118E-07,0.290270841444656
2.35305289753876,1.27549628881402E-08,3.99260080397856E-07,0.289058317633858
2.35619449019234,1.27550907435201E-08,3.97512173851335E-07,0.287845568192209
2.35933608284593,1.27551652891162E-08,3.95773964230734E-07,0.286632615076004
2.36247767549952,1.27551124408235E-08,3.94045415162607E-07,0.2854194799867
2.36561926815311,1.27549635098426E-08,3.92326490476734E-07,0.284206184370802
2.3687608608067,1.27547815401667E-08,3.90617154205962E-07,0.282992749419917
2.37190245346029,1.27543025617194E-08,3.88917370586027E-07,0.281779196070713
2.37504404611388,1.27540209801487E-08,3.87227104055353E-07,0.280565545004917
2.37818563876747,1.27534217808499E-08,3.85546319254853E-07,0.27935181664969
2.38132723142106,1.27528068419199E-08,3.83874981027696E-07,0.278138031177435
2.38446882407465,1.27521470648548E-08,3.82213054419081E-07,0.2769242085063
2.38761041672824,1.27512762412712E-08,3.80560504675974E-07,0.275710368300133
2.39075200938183,1.27503670993655E-08,3.7891729724685E-07,0.274496529968942
2.39389360203542,1.27493000415313E-08,3.77283397781412E-07,0.273282712669193
2.39703519468901,1.27482880005795E-08,3.756587721303E-07,0.272068935304065
2.4001767873426,1.27471386614182E-08,3.74043386344785E-07,0.270855216523905
2.40331837999619,1.27458514083855E-08,3.72437206676451E-07,0.269641574726665
2.40645997264978,1.27446841693356E-08,3.70840199576869E-07,0.268428028058363
2.40960156530337,1.27431741209252E-08,3.69252331697254E-07,0.267214594413473
2.41274315795696,1.27417510781599E-08,3.67673569888108E-07,0.266001291435617
2.41588475061055,1.27401980468326E-08,3.66103881198861E-07,0.264788136518096
2.41902634326414,1.27385006121835E-08,3.6454323287749E-07,0.263575146804521
2.42216793591773,1.27367946217366E-08,3.62991592370133E-07,0.262362339189243
2.42530952857132,1.27350497597312E-08,3.61448927320697E-07,0.261149730318313
2.42845112122491,1.27331144432227E-08,3.59915205570442E-07,0.259937336590009
2.4315927138785,1.27312109703892E-08,3.58390395157568E-07,0.258725174155641
2.43473430653209,1.2729242758115E-08,3.56874464316783E-07,0.257513258920325
2.43787589918568,1.2727036837063E-08,3.55367381478871E-07,0.256301606543721
2.44101749183927,1.27248250037887E-08,3.53869115270242E-07,0.255090232440911
2.44415908449286,1.27226968053228E-08,3.52379634512476E-07,0.253879151783155
2.44730067714645,1.27203954433414E-08,3.50898908221858E-07,0.252668379499053
2.45044226980004,1.27180196777439E-08,3.49426905608905E-07,0.251457930275025
2.45358386245363,1.27155192380982E-08,3.47963596077887E-07,0.250247818556679
2.45672545510722,1.27130155429469E-08,3.46508949226333E-07,0.249038058549484
2.45986704776081,1.27105087939671E-08,3.45062934844538E-07,0.247828664219885
2.4630086404144,1.27079201199785E-08,3.43625522915054E-07,0.246619649296299
2.46615023306799,1.27051985677197E-08,3.4219668361218E-07,0.24541102727012
2.46929182572158,1.27025080982058E-08,3.40776387301445E-07,0.244202811396824
2.47243341837517,1.26997756538023E-08,3.39364604539075E-07,0.242995014697064
2.47557501102876,1.26967575499719E-08,3.3796130607147E-07,0.241787649957739
2.47871660368235,1.26938213659685E-08,3.36566462834652E-07,0.240580729733147
2.48185819633594,1.26909130323573E-08,3.35180045953733E-07,0.239374266346114
2.48499978898953,1.26878951315743E-08,3.33802026742356E-07,0.238168271889175
2.48814138164312,1.26847527193403E-08,3.32432376702141E-07,0.236962758225809
2.49128297429671,1.26815741514942E-08,3.31071067522118E-07,0.235757736991568
2.4944245669503,1.26784422604505E-08,3.2971807107817E-07,0.234553219595397
2.49756615960389,1.26752595418828E-08,3.28373359432448E-07,0.233349217220711
2.50070775225748,1.26719206887826E-08,3.270369048328E-07,0.232145740826901
2.50384934491106,1.2668511936397E-08,3.25708679712191E-07,0.230942801150494
2.50699093756465,1.26651290742228E-08,3.24388656688112E-07,0.229740408706338
2.51013253021824,1.26616690338033E-08,3.23076808561993E-07,0.228538573789062
2.51327412287183,1.26582169018202E-08,3.21773108318606E-07,0.227337306474401
2.51641571552542,1.2654652479555E-08,3.20477529125466E-07,0.226136616620439
2.51955730817901,1.26510583467104E-08,3.19190044332236E-07,0.224936513869036
2.5226989008326,1.26474805872242E-08,3.17910627470111E-07,0.223737007647182
2.52584049348619,1.26437695996147E-08,3.1663925225122E-07,0.222538107168348
2.52898208613978,1.26401293052755E-08,3.15375892568006E-07,0.221339821433869
2.53212367879337,1.2636352338081E-08,3.14120522492618E-07,0.220142159234431
2.53526527144696,1.26325914412425E-08,3.12873116276292E-07,0.218945129151383
2.53840686410055,1.26286542862058E-08,3.1163364834873E-07,0.217748739558209
2.54154845675414,1.26249029656857E-08,3.10402093317482E-07,0.216552998621947
2.54469004940773,1.2620950946643E-08,3.09178425967319E-07,0.215357914304641
2.54783164206132,1.26169864133991E-08,3.07962621259609E-07,0.214163494364779
2.55097323471491,1.26130347625601E-08,3.0675465433169E-07,0.212969746358763
2.5541148273685,1.260898856931E-08,3.05554500496246E-07,0.211776708801089
2.55725642002209,1.26050139660992E-08,3.0436213524065E-07,0.210584295372154
2.56039801267568,1.26008732768129E-08,3.03177534226387E-07,0.20939260650713
2.56353960532927,1.25968366921682E-08,3.02000673288364E-07,0.208201617810051
2.56668119798286,1.25926582616907E-08,3.00831528434309E-07,0.207011335849331
2.56982279063645,1.25884735499042E-08,2.99670075844128E-07,0.205821766998682
2.57296438329004,1.25843341767785E-08,2.98516291869269E-07,0.20463291744243
2.57610597594363,1.25801165799306E-08,2.97370153032088E-07,0.203444793173169
2.57924756859722,1.25758406531561E-08,2.96231636025217E-07,0.202257399995141
2.58238916125081,1.25715804258415E-08,2.95100717710918E-07,0.201070743525532
2.5855307539044,1.25672290587031E-08,2.93977375120459E-07,0.199884829195765
2.58867234655799,1.25629036815715E-08,2.92861585453469E-07,0.198699662253191
2.59181393921158,1.2558534124226E-08,2.91753326077307E-07,0.197515247762556
2.59495553186517,1.25542257646375E-08,2.90652574526426E-07,0.19633159060747
2.59809712451876,1.25498311743574E-08,2.89559308501734E-07,0.195148695492032
2.60123871717235,1.25453763054164E-08,2.88473505869966E-07,0.19396656694227
2.60438030982594,1.2540922047255E-08,2.87395144663049E-07,0.192785209307741
2.60752190247953,1.2536486102908E-08,2.86324203077464E-07,0.191604626762981
2.61066349513312,1.25320488856607E-08,2.85260659473623E-07,0.190424823309088
2.61380508778671,1.25275489553334E-08,2.84204492375229E-07,0.189245802775242
2.6169466804403,1.25229907728343E-08,2.83155680468655E-07,0.188067568820233
2.62008827309389,1.25184709423088E-08,2.8211420260231E-07,0.186890124933952
2.62322986574748,1.2513938068826E-08,2.81080037786016E-07,0.185713474438925
2.62637145840107,1.25093988110503E-08,2.80053165190382E-07,0.184537620491912
2.62951305105466,1.25048222205589E-08,2.79033564146178E-07,0.183362566085309
2.63265464370825,1.25002058961928E-08,2.78021214143719E-07,0.182188314048761
2.63579623636184,1.24955939889684E-08,2.77016094832238E-07,0.181014867050607
2.63893782901543,1.24909693132155E-08,2.76018186019274E-07,0.179842227599461
2.64207942166902,1.24863906968378E-08,2.75027467670054E-07,0.178670398045672
2.64522101432261,1.24817393310149E-08,2.74043919906879E-07,0.17749938058287
2.6483626069762,1.24770781035729E-08,2.73067523008513E-07,0.176329198091492
2.65150419962979,1.24724209537341E-08,2.72098257409566E-07,0.175159789929978
2.65464579228338,1.24677514299862E-08,2.7113610369991E-07,0.173991220356941
2.65778738493696,1.24630801595116E-08,2.70181042624047E-07,0.172823470111962
2.66092897759055,1.24584080463879E-08,2.69233055080525E-07,0.171656540627454
2.66407057024414,1.24537196021561E-08,2.68292122121331E-07,0.17049043318801
2.66721216289773,1.2449043265392E-08,2.67358224951299E-07,0.169325148931977
2.67035375555132,1.24443240273622E-08,2.66431344927513E-07,0.168160688852818
2.67349534820491,1.24396263569331E-08,2.65511463558718E-07,0.166997053800664
2.6766369408585,1.24349097748969E-08,2.64598562504734E-07,0.165834244483772
2.67977853351209,1.24302281530808E-08,2.63692623575867E-07,0.164672261469898
2.68292012616568,1.24255040168653E-08,2.62793628732331E-07,0.163511105187868
2.68606171881927,1.24208037690109E-08,2.61901560083667E-07,0.162350775928892
2.68920331147286,1.24161137162483E-08,2.61016399888168E-07,0.161191273848126
2.69234490412645,1.2411371287168E-08,2.6013813055231E-07,0.160032598966044
2.69548649678004,1.24066855871222E-08,2.59266734630178E-07,0.158874751169804
2.69862808943363,1.24019469243829E-08,2.58402194822905E-07,0.157717730214824
2.70176968208722,1.23972587226955E-08,2.57544493978108E-07,0.15656153572602
2.70491127474081,1.23925420180669E-08,2.5669361508933E-07,0.155406167199326
2.7080528673944,1.23878355560176E-08,2.55849541295484E-07,0.154251624003025
2.71119446004799,1.2383156450481E-08,2.55012255880303E-07,0.153097905379229
2.71433605270158,1.23784416745858E-08,2.54181742271794E-07,0.151945010445126
2.71747764535517,1.23737422048471E-08,2.53357984041689E-07,0.15079293819449
2.72061923800876,1.23690866704994E-08,2.52540964904911E-07,0.149641687498961
2.72376083066235,1.23643928557775E-08,2.5173066871903E-07,0.148491257109443
2.72690242331594,1.23597520001843E-08,2.50927079483737E-07,0.147341645657487
2.73004401596953,1.23550445141283E-08,2.50130181340313E-07,0.146192851656495
2.73318560862312,1.23503946479813E-08,2.49339958571103E-07,0.145044873503279
2.73632720127671,1.2345755907543E-08,2.48556395598995E-07,0.143897709479223
2.7394687939303,1.23411193158302E-08,2.47779476986905E-07,0.142751357751651
2.74261038658389,1.23364989154982E-08,2.47009187437261E-07,0.14160581637514
2.74575197923748,1.23319042645201E-08,2.46245511791498E-07,0.140461083292849
2.74889357189107,1.23272972088667E-08,2.45488435029548E-07,0.139317156337773
2.75203516454466,1.23226709500014E-08,2.44737942269344E-07,0.138174033234075
2.75517675719825,1.23180806482416E-08,2.4399401876632E-07,0.137031711598309
2.75831834985184,1.23135050329311E-08,2.43256649912918E-07,0.135890188940785
2.76145994250543,1.23089514793613E-08,2.42525821238105E-07,0.134749462666738
2.76460153515902,1.2304416037695E-08,2.41801518406881E-07,0.133609530077622
2.76774312781261,1.2299887641741E-08,2.41083727219805E-07,0.132470388372348
2.7708847204662,1.22953805204848E-08,2.40372433612515E-07,0.131332034648579
2.77402631311979,1.22908775729687E-08,2.39667623655261E-07,0.130194465903852
2.77716790577338,1.22864131321201E-08,2.38969283552434E-07,0.129057679036893
2.78030949842697,1.22819176449657E-08,2.38277399642104E-07,0.127921670848785
2.78345109108056,1.22774880575696E-08,2.37591958395562E-07,0.126786438044189
2.78659268373415,1.22730459515211E-08,2.36912946416865E-07,0.125651977232519
2.78973427638774,1.22686087397669E-08,2.36240350442388E-07,0.124518284929148
2.79287586904133,1.22642482776982E-08,2.35574157340375E-07,0.123385357556597
2.79601746169492,1.22598568418116E-08,2.349143541105E-07,0.122253191445671
2.79915905434851,1.22555243849903E-08,2.3426092788343E-07,0.121121782836639
2.8023006470021,1.22511772341253E-08,2.33613865920391E-07,0.119991127880401
2.80544223965569,1.22468705612243E-08,2.32973155612743E-07,0.118861222639613
2.80858383230927,1.22425758069011E-08,2.32338784481551E-07,0.117732063089827
2.81172542496286,1.22383068765968E-08,2.31710740177172E-07,0.116603645120616
2.81486701761645,1.22340320048126E-08,2.31089010478836E-07,0.115475964536688
2.81800861027004,1.22298246347508E-08,2.30473583294236E-07,0.114349017059031
2.82115020292363,1.22256149961066E-08,2.29864446659123E-07,0.113222798325972
2.82429179557722,1.22214343830118E-08,2.29261588736904E-07,0.112097303894285
2.82743338823081,1.22172768636149E-08,2.28664997818242E-07,0.110972529240296
2.8305749808844,1.22131538005236E-08,2.28074662320669E-07,0.109848469760923
2.83371657353799,1.22090340063054E-08,2.27490570788194E-07,0.108725120774789
2.83685816619158,1.22049579712794E-08,2.26912711890917E-07,0.107602477523236
2.83999975884517,1.22008975485123E-08,2.26341074424652E-07,0.106480535171413
2.84314135149876,1.21968802469901E-08,2.25775647310556E-07,0.105359288809306
2.84628294415235,1.21928690579884E-08,2.25216419594748E-07,0.10423873345278
2.84942453680594,1.21888964403918E-08,2.24663380447951E-07,0.103118864044601
2.85256612945953,1.21849590732734E-08,2.24116519165129E-07,0.101999675455451
2.85570772211312,1.21810394395773E-08,2.23575825165128E-07,0.100881162484964
2.85884931476671,1.21771374201781E-08,2.2304128799032E-07,0.099763319862709
2.8619909074203,1.21732902238619E-08,2.22512897306261E-07,0.098646142249175
2.86513250007389,1.2169450684869E-08,2.21990642901343E-07,0.097529624236809
2.86827409272748,1.21656461216461E-08,2.2147451468645E-07,0.096413760350948
2.87141568538107,1.21618711118593E-08,2.20964502694631E-07,0.095298545050811
2.87455727803466,1.21581436850053E-08,2.20460597080763E-07,0.094183972730459
2.87769887068825,1.21544284065807E-08,2.19962788121224E-07,0.093070037719774
2.88084046334184,1.21507509996988E-08,2.19471066213575E-07,0.091956734285394
2.88398205599543,1.21471042177008E-08,2.18985421876235E-07,0.090844056631646
2.88712364864902,1.21434940381145E-08,2.18505845748172E-07,0.089731998901514
2.89026524130261,1.21399236803269E-08,2.18032328588594E-07,0.088620555177505
2.8934068339562,1.21363827604303E-08,2.17564861276642E-07,0.087509719482682
2.89654842660979,1.21328460216781E-08,2.17103434811085E-07,0.086399485781472
2.89969001926338,1.21293751064099E-08,2.16648040310032E-07,0.085289847980616
2.90283161191697,1.21259236610674E-08,2.16198669010632E-07,0.084180799930082
2.90597320457056,1.21225072675116E-08,2.1575531226879E-07,0.083072335423938
2.90911479722415,1.21191377010475E-08,2.1531796155888E-07,0.081964448201257
2.91225638987774,1.21157933834394E-08,2.14886608473468E-07,0.080857131946987
2.91539798253133,1.21124971054373E-08,2.14461244723036E-07,0.079750380292821
2.91853957518492,1.21092171307322E-08,2.14041862135708E-07,0.078644186818087
2.92168116783851,1.21059996922445E-08,2.13628452656986E-07,0.077538545050587
2.9248227604921,1.21027890066983E-08,2.13221008349484E-07,0.076433448467457
2.92796435314569,1.2099637740293E-08,2.12819521392674E-07,0.075328890496031
2.93110594579928,1.20965157809688E-08,2.12423984082625E-07,0.074224864514658
2.93424753845287,1.2093423786828E-08,2.12034388831758E-07,0.073121363853576
2.93738913110646,1.20903937427914E-08,2.11650728168593E-07,0.072018381795693
2.94053072376005,1.20873796101294E-08,2.11272994737514E-07,0.070915911577456
2.94367231641364,1.2084411848524E-08,2.10901181298527E-07,0.069813946389658
2.94681390906723,1.20814846630484E-08,2.10535280727022E-07,0.068712479378262
2.94995550172082,1.20785987760457E-08,2.1017528601355E-07,0.067611503645082
2.95309709437441,1.20757529093794E-08,2.09821190263593E-07,0.066511012248881
2.956238687028,1.20729365870407E-08,2.09472986697339E-07,0.065411003841745
2.95938027968158,1.20701676446391E-08,2.09130668649469E-07,0.064311454490577
2.96252187233517,1.20674360344569E-08,2.08794229568938E-07,0.063212374036785
2.96566346498876,1.20647480654704E-08,2.08463663018771E-07,0.062113749738112
2.96880505764235,1.20621060026315E-08,2.08138962675847E-07,0.061015574448897
2.97194665029594,1.20595075483205E-08,2.07820122330704E-07,0.059917840984946
2.97508824294953,1.2056927068835E-08,2.07507135887341E-07,0.058820542124288
2.97822983560312,1.20544093864311E-08,2.07199997363016E-07,0.057723670607965
2.98137142825671,1.20519405883824E-08,2.06898700888061E-07,0.056627219140741
2.9845130209103,1.20494966999298E-08,2.06603240705697E-07,0.055531185317603
2.98765461356389,1.20471060955325E-08,2.0631361117184E-07,0.054435546995994
2.99079620621748,1.20447555213737E-08,2.06029806754936E-07,0.053340311553507
2.99393779887107,1.20424485166021E-08,2.05751822035776E-07,0.052245466631709
2.99707939152466,1.20401792976345E-08,2.05479651707326E-07,0.051151004765302
3.00022098417825,1.20379577155272E-08,2.0521329057456E-07,0.050056918457192
3.00336257683184,1.20357908399504E-08,2.04952733554295E-07,0.048963200179203
3.00650416948543,1.20336503742265E-08,2.04697975675031E-07,0.047869842372795
3.00964576213902,1.20315602166765E-08,2.04449012076794E-07,0.046776837449784
3.01278735479261,1.20295288807135E-08,2.04205838010984E-07,0.045684177793063
3.0159289474462,1.20275195953461E-08,2.03968448840223E-07,0.044591855757298
3.01907054009979,1.20255760072123E-08,2.03736840038211E-07,0.043499863669649
3.02221213275338,1.20236645574394E-08,2.03511007189584E-07,0.042408193830463
3.02535372540697,1.20218043930721E-08,2.03290945989776E-07,0.041316838513974
3.02849531806056,1.20199815962411E-08,2.03076652244881E-07,0.040225789969009
3.03163691071415,1.20182129038179E-08,2.02868121871526E-07,0.039135040419664
3.03477850336774,1.20164860836845E-08,2.02665350896742E-07,0.038044582066007
3.03792009602133,1.20148092582434E-08,2.02468335457838E-07,0.036954407084756
3.04106168867492,1.20131795948882E-08,2.02277071802284E-07,0.035864507629965
3.04420328132851,1.20115900082681E-08,2.02091556287589E-07,0.034774875833714
3.0473448739821,1.2010048063056E-08,2.01911785381195E-07,0.033685503806765
3.05048646663569,1.2008564235038E-08,2.0173775566036E-07,0.032596383639255
3.05362805928928,1.20071082157939E-08,2.01569463812055E-07,0.031507507401357
3.05676965194287,1.20057126226686E-08,2.01406906632864E-07,0.030418867143961
3.05991124459646,1.20043637150211E-08,2.01250081028877E-07,0.029330454899322
3.06305283725005,1.20030709350788E-08,2.01098984015602E-07,0.028242262681751
3.06619442990364,1.20017911547751E-08,2.00953612717869E-07,0.027154282488251
3.06933602255723,1.20006036616689E-08,2.00813964369741E-07,0.026066506299187
3.07247761521082,1.19994354580748E-08,2.0068003631443E-07,0.02497892607895
3.07561920786441,1.19983269292901E-08,2.00551826004213E-07,0.0238915337766
3.078760800518,1.19972656759318E-08,2.00429331000355E-07,0.022804321326536
3.08190239317159,1.19962523799644E-08,2.00312548973034E-07,0.021717280649126
3.08504398582518,1.19952793107471E-08,2.00201477701269E-07,0.020630403651374
3.08818557847877,1.19943670698896E-08,2.00096115072849E-07,0.019543682227562
3.09132717113236,1.19934865726354E-08,1.99996459084273E-07,0.018457108259896
3.09446876378595,1.19926650412797E-08,1.99902507840685E-07,0.017370673619151
3.09761035643954,1.19919039239756E-08,1.99814259555816E-07,0.016284370165316
3.10075194909313,1.19911712471552E-08,1.9973171255193E-07,0.01519818974823
3.10389354174672,1.19904950237704E-08,1.99654865259772E-07,0.014112124208231
3.10703513440031,1.19898636879341E-08,1.99583716218521E-07,0.013026165376791
3.1101767270539,1.19892986636665E-08,1.99518264075744E-07,0.011940305077138
3.11331831970748,1.19887631631902E-08,1.99458507587354E-07,0.010854535124964
3.11645991236107,1.19882810447848E-08,1.99404445617574E-07,0.00976884732893
3.11960150501466,1.19878423503512E-08,1.993560771389E-07,0.008683233491422
3.12274309766825,1.19874636210446E-08,1.99313401232072E-07,0.007597685409136
3.12588469032184,1.19871340175447E-08,1.99276417086042E-07,0.006512194873711
3.12902628297543,1.19868542853121E-08,1.99245123997956E-07,0.00542675367237
3.13216787562902,1.1986623553911E-08,1.99219521373123E-07,0.004341353588548
3.13530946828261,1.19864415689548E-08,1.99199608725006E-07,0.003255986402525
3.1384510609362,1.19863085061131E-08,1.99185385675201E-07,0.002170643892059
3.14159265358979,8.59818286879707E-09,1.99176851956044E-07,0.001085317833152
